lr,batch_size,epochs,scheduler_type,class_1_precision,class_1_recall,class_1_f1_score,class_0_precision,class_0_recall,class_0_f1_score,accuracy,avg_precision,avg_recall,avg_f1_score,class_report,confusion_matrix,pr_auc
4.986951065065727e-05,6,7,cosine,0.4,0.24719101123595505,0.3055555555555555,0.9279569892473118,0.9631696428571429,0.9452354874041621,0.8984771573604061,0.8802532612848645,0.8984771573604061,0.8874369961000749,"{'0': {'precision': 0.9279569892473118, 'recall': 0.9631696428571429, 'f1-score': 0.9452354874041621, 'support': 896.0}, '1': {'precision': 0.4, 'recall': 0.24719101123595505, 'f1-score': 0.3055555555555555, 'support': 89.0}, 'accuracy': 0.8984771573604061, 'macro avg': {'precision': 0.663978494623656, 'recall': 0.605180327046549, 'f1-score': 0.6253955214798588, 'support': 985.0}, 'weighted avg': {'precision': 0.8802532612848645, 'recall': 0.8984771573604061, 'f1-score': 0.8874369961000749, 'support': 985.0}}","[[863, 33], [67, 22]]",0.2841746807637229
