Metric,Class 0,Class 1,Macro Avg,Weighted Avg,Overall
precision,0.9435215946843853,0.39473684210526316,0.6691292183948243,0.8751054584212056,0.8328912466843501
recall,0.8606060606060606,0.6382978723404256,0.7494519664732431,0.8328912466843501,-
f1-score,0.9001584786053882,0.48780487804878053,0.6939816783270844,0.8487510005519119,-
support,330.0,47.0,377.0,377.0,-
