Metric,Class 0,Class 1,Macro Avg,Weighted Avg,Overall
precision,0.9575971731448764,0.3723404255319149,0.6649687993383956,0.8846341303390165,0.8116710875331565
recall,0.8212121212121212,0.7446808510638298,0.7829464861379755,0.8116710875331565,-
f1-score,0.8841761827079935,0.49645390070921985,0.6903150417086067,0.8358394525914353,-
support,330.0,47.0,377.0,377.0,-
